{"minzoom":0,"maxzoom":9,"center":[25.664063,-24.846154,9.0],"bounds":[20.0,-26.905205,29.358471,-17.787663]}