{"minzoom":0,"maxzoom":8,"center":[27.421875,-21.287915,8.0],"bounds":[20.0,-26.905205,29.358471,-17.787663]}